

SET SQL_MODE = "NO_AUTO_VALUE_ON_ZERO";
SET AUTOCOMMIT = 0;
START TRANSACTION;
SET time_zone = "+00:00";


/*!40101 SET @OLD_CHARACTER_SET_CLIENT=@@CHARACTER_SET_CLIENT */;
/*!40101 SET @OLD_CHARACTER_SET_RESULTS=@@CHARACTER_SET_RESULTS */;
/*!40101 SET @OLD_COLLATION_CONNECTION=@@COLLATION_CONNECTION */;
/*!40101 SET NAMES utf8mb4 */;

--
-- Database: `carrental`
--

-- --------------------------------------------------------

--
-- Table structure for table `cars`
--

CREATE TABLE `cars` (
  `car_id` int(20) NOT NULL,
  `car_name` varchar(50) NOT NULL,
  `car_nameplate` varchar(50) NOT NULL,
  `car_img` varchar(50) DEFAULT 'NA',
  `ac_price` float NOT NULL,
  `non_ac_price` float NOT NULL,
  `ac_price_per_day` float NOT NULL,
  `non_ac_price_per_day` float NOT NULL,
  `car_availability` varchar(10) NOT NULL
) ENGINE=InnoDB DEFAULT CHARSET=utf8;

--
-- Dumping data for table `cars`
--

INSERT INTO `cars` (`car_id`, `car_name`, `car_nameplate`, `car_img`, `ac_price`, `non_ac_price`, `ac_price_per_day`, `non_ac_price_per_day`, `car_availability`) VALUES
(1, 'Tractor', 'CG19MG9910', 'assets/img/cars/1.png', 0, 20, 0, 1600, 'yes'),
(2, 'mahindra yuvo', 'CG20GH9452', 'assets/img/cars/2.png', 0, 20, 0, 1400, 'yes'),
(3, 'mahindra 555', 'CG16NM9125', 'assets/img/cars/3.jpg', 0, 25, 0, 2200, 'yes'),
(4, 'Tafe 30 DI', 'CG17HZ4001', 'assets/img/cars/4.png', 0, 15, 0, 1800, 'yes'),
(6, 'Swaraj 724XM', 'CG18MJ8472', 'assets/img/cars/5.jpg', 0, 20, 0, 2600, 'yes'),
(7, 'Swaraj 834 MX', 'CG16YX8820', 'assets/img/cars/6.png', 0, 12, 0, 2400, 'no'),
(8, 'Mahindra Pickup', 'CG15EX5005', 'assets/img/cars/11.jpg', 12, 10, 2400, 2000, 'yes'),
(9, 'Tata Ace', 'CG01HX8001', 'assets/img/cars/7.png', 10, 8, 2000, 1600, 'yes'),
(10, 'Tata Yodha', 'CG17MS1997', 'assets/img/cars/8.png', 12, 10, 2400, 2000, 'yes'),
(11, 'Tata winger', 'CG12EX1883', 'assets/img/cars/9.jpg', 15, 13, 3000, 2600, 'yes'),
(12, 'Suzuki pick', 'CG08MX1997', 'assets/img/cars/12.png', 16, 14, 3200, 2800, 'yes'),
(13, 'Suzuki pacer', 'CG02DC1997', 'assets/img/cars/10.jpg', 14, 12, 2800, 2400, 'yes');

-- --------------------------------------------------------

--
-- Table structure for table `clientcars`
--

CREATE TABLE `clientcars` (
  `car_id` int(20) NOT NULL,
  `client_username` varchar(50) NOT NULL
) ENGINE=InnoDB DEFAULT CHARSET=utf8;

--
-- Dumping data for table `clientcars`
--

INSERT INTO `clientcars` (`car_id`, `client_username`) VALUES
(1, 'nikhil'),
(2, 'nikhil'),
(3, 'nikhil'),
(4, 'nikhil'),
(10, 'nikhil'),
(11, 'nikhil'),
(6, 'roshan'),
(7, 'roshan'),
(8, 'roshan'),
(9, 'roshan'),
(12, 'roshan'),
(13, 'roshan');

-- --------------------------------------------------------

--
-- Table structure for table `clients`
--

CREATE TABLE `clients` (
  `client_username` varchar(50) NOT NULL,
  `client_name` varchar(50) NOT NULL,
  `client_phone` varchar(15) NOT NULL,
  `client_email` varchar(25) NOT NULL,
  `client_address` varchar(50) CHARACTER SET utf8 COLLATE utf8_estonian_ci NOT NULL,
  `client_password` varchar(20) NOT NULL
) ENGINE=InnoDB DEFAULT CHARSET=utf8;

--
-- Dumping data for table `clients`
--

INSERT INTO `clients` (`client_username`, `client_name`, `client_phone`, `client_email`, `client_address`, `client_password`) VALUES
('nikhil', 'Nikhil Amin', '8547869542', 'nikhil@gmail.com', 'Mangalore', 'root'),
('roshan', 'Roshan Raj', '8569874125', 'roshan@gmail.com', 'Surathkal', 'root');

-- --------------------------------------------------------

--
-- Table structure for table `customers`
--

CREATE TABLE `customers` (
  `customer_username` varchar(50) NOT NULL,
  `customer_name` varchar(50) NOT NULL,
  `customer_phone` varchar(15) NOT NULL,
  `customer_email` varchar(25) NOT NULL,
  `customer_address` varchar(50) NOT NULL,
  `customer_password` varchar(20) NOT NULL
) ENGINE=InnoDB DEFAULT CHARSET=utf8;

--
-- Dumping data for table `customers`
--

INSERT INTO `customers` (`customer_username`, `customer_name`, `customer_phone`, `customer_email`, `customer_address`, `customer_password`) VALUES
('diwakar', 'Diwakar Vignesh', '9412578632', 'diwakar@gmail.com', 'Patna', 'root'),
('rakshith', 'Rakshith Kotian', '9541257862', 'rakshith@gmail.com', 'Surat', 'root');

-- --------------------------------------------------------

--
-- Table structure for table `driver`
--

CREATE TABLE `driver` (
  `driver_id` int(20) NOT NULL,
  `driver_name` varchar(50) NOT NULL,
  `dl_number` varchar(50) NOT NULL,
  `driver_phone` varchar(15) NOT NULL,
  `driver_address` varchar(50) NOT NULL,
  `driver_gender` varchar(10) NOT NULL,
  `client_username` varchar(50) NOT NULL,
  `driver_availability` varchar(10) NOT NULL
) ENGINE=InnoDB DEFAULT CHARSET=utf8;

--
-- Dumping data for table `driver`
--

INSERT INTO `driver` (`driver_id`, `driver_name`, `dl_number`, `driver_phone`, `driver_address`, `driver_gender`, `client_username`, `driver_availability`) VALUES
(1, 'Ravi Moolya', 'DL_TEH5974', '9547863157', 'Goa', 'Male', 'nikhil', 'yes'),
(2, 'Nikitha Ghetia', 'DL_NDC7584', '9147523684', 'Gujarath', 'Female', 'nikhil', 'yes'),
(3, 'S M Adil', 'DL_LSC8451', '9147523682', 'Kerala', 'Male', 'nikhil', 'yes'),
(4, 'Sona Somshekar', 'DL_MND8415', '9187563240', 'Mandya', 'Female', 'roshan', 'no'),
(5, 'Aditi Naik', 'DL_GAX9452', '7584960123', 'Vasco', 'Female', 'roshan', 'yes'),
(6, 'Sudarshan Shetty', 'DL_YSH9542', '8421025476', 'Andra Pradesh', 'Male', 'roshan', 'yes'),
(7, 'Jugal Chauhan', 'DL_XEC9742', '7541023695', 'Rajashthan', 'Male', 'roshan', 'yes');

-- --------------------------------------------------------

--
-- Table structure for table `feedback`
--

CREATE TABLE `feedback` (
  `name` varchar(20) NOT NULL,
  `e_mail` varchar(30) NOT NULL,
  `message` varchar(150) NOT NULL
) ENGINE=InnoDB DEFAULT CHARSET=utf8;

--
-- Dumping data for table `feedback`
--

INSERT INTO `feedback` (`name`, `e_mail`, `message`) VALUES
('Nikhil', 'nikhil@gmail.com', 'Hope this works.');

-- --------------------------------------------------------

--
-- Table structure for table `rentedcars`
--

CREATE TABLE `rentedcars` (
  `id` int(100) NOT NULL,
  `customer_username` varchar(50) NOT NULL,
  `car_id` int(20) NOT NULL,
  `driver_id` int(20) NOT NULL,
  `booking_date` date NOT NULL,
  `rent_start_date` date NOT NULL,
  `rent_end_date` date NOT NULL,
  `car_return_date` date DEFAULT NULL,
  `fare` double NOT NULL,
  `charge_type` varchar(25) NOT NULL DEFAULT 'days',
  `distance` double DEFAULT NULL,
  `no_of_days` int(50) DEFAULT NULL,
  `total_amount` double DEFAULT NULL,
  `return_status` varchar(10) NOT NULL
) ENGINE=InnoDB DEFAULT CHARSET=utf8;

--
-- Dumping data for table `rentedcars`
--

INSERT INTO `rentedcars` (`id`, `customer_username`, `car_id`, `driver_id`, `booking_date`, `rent_start_date`, `rent_end_date`, `car_return_date`, `fare`, `charge_type`, `distance`, `no_of_days`, `total_amount`, `return_status`) VALUES
(574681245, 'diwakar', 4, 2, '2018-07-18', '2018-07-01', '2018-07-02', '2018-07-18', 11, 'km', 244, 1, 5884, 'R'),
(574681246, 'diwakar', 6, 6, '2018-07-18', '2018-06-01', '2018-06-28', '2018-07-18', 15, 'km', 69, 27, 5035, 'R'),
(574681247, 'diwakar', 3, 1, '2018-07-18', '2018-07-19', '2018-07-22', '2018-07-20', 13, 'km', 421, 3, 5473, 'R'),
(574681248, 'rakshith', 1, 2, '2018-07-20', '2018-07-28', '2018-07-29', '2018-07-20', 10, 'km', 69, 1, 690, 'R'),
(574681249, 'rakshith', 1, 2, '2018-07-23', '2018-07-24', '2018-07-25', '2018-07-23', 10, 'km', 500, 1, 5000, 'R'),
(574681250, 'rakshith', 3, 2, '2018-07-23', '2018-07-23', '2018-07-24', '2018-07-23', 2600, 'days', NULL, 1, 2600, 'R'),
(574681251, 'rakshith', 10, 1, '2018-07-23', '2018-07-25', '2018-07-30', '2018-07-23', 10, 'km', 60, 2, 600, 'R'),
(574681252, 'rakshith', 11, 2, '2018-07-23', '2018-07-23', '2018-07-23', '2018-07-23', 13, 'km', 200, 0, 2600, 'R'),
(574681253, 'diwakar', 6, 7, '2018-07-23', '2018-07-23', '2018-08-03', '2018-07-23', 2600, 'days', NULL, 11, 28600, 'R'),
(574681254, 'diwakar', 12, 5, '2018-07-23', '2018-07-23', '2018-07-26', '2018-07-23', 3200, 'days', NULL, 3, 9600, 'R'),
(574681255, 'rakshith', 8, 5, '2018-07-23', '2018-07-23', '2018-08-08', '2018-07-23', 2400, 'days', NULL, 16, 38400, 'R'),
(574681257, 'rakshith', 7, 4, '2018-08-11', '2018-08-13', '2018-08-17', NULL, 14, 'km', NULL, NULL, NULL, 'NR');

--
-- Indexes for dumped tables
--

--
-- Indexes for table `cars`
--
ALTER TABLE `cars`
  ADD PRIMARY KEY (`car_id`),
  ADD UNIQUE KEY `car_nameplate` (`car_nameplate`);

--
-- Indexes for table `clientcars`
--
ALTER TABLE `clientcars`
  ADD PRIMARY KEY (`car_id`),
  ADD KEY `client_username` (`client_username`);

--
-- Indexes for table `clients`
--
ALTER TABLE `clients`
  ADD PRIMARY KEY (`client_username`);

--
-- Indexes for table `customers`
--
ALTER TABLE `customers`
  ADD PRIMARY KEY (`customer_username`);

--
-- Indexes for table `driver`
--
ALTER TABLE `driver`
  ADD PRIMARY KEY (`driver_id`),
  ADD UNIQUE KEY `dl_number` (`dl_number`),
  ADD KEY `client_username` (`client_username`);

--
-- Indexes for table `rentedcars`
--
ALTER TABLE `rentedcars`
  ADD PRIMARY KEY (`id`),
  ADD KEY `customer_username` (`customer_username`),
  ADD KEY `car_id` (`car_id`),
  ADD KEY `driver_id` (`driver_id`);

--
-- AUTO_INCREMENT for dumped tables
--

--
-- AUTO_INCREMENT for table `cars`
--
ALTER TABLE `cars`
  MODIFY `car_id` int(20) NOT NULL AUTO_INCREMENT, AUTO_INCREMENT=14;

--
-- AUTO_INCREMENT for table `driver`
--
ALTER TABLE `driver`
  MODIFY `driver_id` int(20) NOT NULL AUTO_INCREMENT, AUTO_INCREMENT=8;

--
-- AUTO_INCREMENT for table `rentedcars`
--
ALTER TABLE `rentedcars`
  MODIFY `id` int(100) NOT NULL AUTO_INCREMENT, AUTO_INCREMENT=574681258;

--
-- Constraints for dumped tables
--

--
-- Constraints for table `clientcars`
--
ALTER TABLE `clientcars`
  ADD CONSTRAINT `clientcars_ibfk_1` FOREIGN KEY (`client_username`) REFERENCES `clients` (`client_username`),
  ADD CONSTRAINT `clientcars_ibfk_2` FOREIGN KEY (`car_id`) REFERENCES `cars` (`car_id`);

--
-- Constraints for table `driver`
--
ALTER TABLE `driver`
  ADD CONSTRAINT `driver_ibfk_1` FOREIGN KEY (`client_username`) REFERENCES `clients` (`client_username`);

--
-- Constraints for table `rentedcars`
--
ALTER TABLE `rentedcars`
  ADD CONSTRAINT `rentedcars_ibfk_1` FOREIGN KEY (`customer_username`) REFERENCES `customers` (`customer_username`),
  ADD CONSTRAINT `rentedcars_ibfk_2` FOREIGN KEY (`car_id`) REFERENCES `cars` (`car_id`),
  ADD CONSTRAINT `rentedcars_ibfk_3` FOREIGN KEY (`driver_id`) REFERENCES `driver` (`driver_id`);
COMMIT;

/*!40101 SET CHARACTER_SET_CLIENT=@OLD_CHARACTER_SET_CLIENT */;
/*!40101 SET CHARACTER_SET_RESULTS=@OLD_CHARACTER_SET_RESULTS */;
/*!40101 SET COLLATION_CONNECTION=@OLD_COLLATION_CONNECTION */;
